MI,ARIc,ARIi,NMIc,NMIi,PARs,PARw,L,K,ESEG
1.55998751561,0.499987989142,0.658760765501,0.7881013270232884,0.8961793622767603,0.0,0.0,18,14,0.0
