MI,ARIc,ARIi,NMIc,NMIi,PARs,PARw,L,K,ESEG
1.53567220383,0.6098244578846437,0.6895669495514711,0.7990185281673353,0.8572065783721549,0.0,0.0,17,10,0.0
