MI,ARIc,ARIi,NMIc,NMIi,PARs,PARw,L,K,ESEG
1.50724993407,0.4246135464117691,0.544852313008621,0.7713347487176904,0.8268677658345882,0.0,0.0,19,13,0.0
